                                EXPERIMENT NO: 1.2 DML COMMANDS
                                *******************************

(a) DML COMMANDS-INSERT
   
1)Insert values in EMPLOYEE table.                           
                               
mysql> INSERT INTO EMPLOYEE VALUES(1,'SANJU','Kollam',2001,95445),(2,'ABHI','Kochi',2002,67559),(3,'RAM','Calicut',2000,45673),(4,'MANU','Kannur',2001,56432),(5,'TOM','Palakkad',2002,65432);
Query OK, 4 rows affected (0.04 sec)
Records: 4  Duplicates: 0  Warnings: 0

mysql> SELECT * FROM EMPLOYEE;
+------+-------+----------+------+----------+
| SSN  | name  | city     | dob  | adhar_no |
+------+-------+----------+------+----------+
|    1 | SANJU | Kollam   | 2001 |    95445 |
|    2 | ABHI  | Kochi    | 2002 |    67559 |
|    3 | RAM   | Calicut  | 2000 |    45673 |
|    4 | MANU  | Kannur   | 2001 |    56432 |
|    5 | TOM   | Palakkad | 2002 |    65432 |
+------+-------+----------+------+----------+
5 rows in set (0.00 sec)

2.Insert values in STUDENT table.

mysql>  INSERT INTO STUDENT VALUES(12,'JOHN',18,'ELETTIL','M'),(16,'JINA',19,'ULLIYERI','F'),(13,'HARI',19,'THALAYAD','M'),(14,'FEMI',18,'NARIKODE','F'),(15,'TIYA',17,'KALPETTA','F');
Query OK, 5 rows affected (0.03 sec)
Records: 5  Duplicates: 0  Warnings: 0

mysql> SELECT * FROM STUDENT;
+---------+------+------+----------+--------+
| Roll_no | Name | Age  | address  | Gender |
+---------+------+------+----------+--------+
|      12 | JOHN |   18 | ELETTIL  | M      |
|      13 | HARI |   19 | THALAYAD | M      |
|      14 | FEMI |   18 | NARIKODE | F      |
|      15 | TIYA |   17 | KALPETTA | F      |
|      16 | JINA |   19 | ULLIYERI | F      |
+---------+------+------+----------+--------+
6 rows in set (0.00 sec)

3.Insert values in INVOICE database. 

mysql>insert into Customer values(100,'ALI','THAYATH','CALICUT',9544358026);
Query OK, 1 row affected (0.03 sec)

mysql>insert into Customer values(101,'HARI','TEKKAD','ADIVARAM',9876574634);
Query OK, 1 row affected (0.03 sec)

mysql>  insert into Customer values(102,'KIRAN','PARAYIL','MADAVOOR',9876574894);
Query OK, 1 row affected (0.04 sec)

mysql>  insert into Customer values(103,'MANU','VELLILATH','PADANILAM',8976574894);
Query OK, 1 row affected (0.04 sec)

mysql>  insert into Customer values(104,'DIYA','MEKKAL','KODUVALLY',8976574898);
Query OK, 1 row affected (0.04 sec)

mysql>  insert into Customer values(105,'SATHYA','MUTHALAM','THLAYAD',8974574898);
Query OK, 1 row affected (0.04 sec)

mysql>  insert into Customer values(106,'RIYA','KARIYATH','KARADI',9974574898);Query OK, 1 row affected (0.06 sec)

mysql> select * from Customer;
+-----+--------+-----------+-----------+------------+
| id  | name   | address   | city      | ph_no      |
+-----+--------+-----------+-----------+------------+
| 100 | ALI    | THAYATH   | CALICUT   | 9544358026 |
| 101 | HARI   | TEKKAD    | ADIVARAM  | 9876574634 |
| 102 | KIRAN  | PARAYIL   | MADAVOOR  | 9876574894 |
| 103 | MANU   | VELLILATH | PADANILAM | 8976574894 |
| 104 | DIYA   | MEKKAL    | KODUVALLY | 8976574898 |
| 105 | SATHYA | MUTHALAM  | THLAYAD   | 8974574898 |
| 106 | RIYA   | KARIYATH  | KARADI    | 9974574898 |
+-----+--------+-----------+-----------+------------+
7 rows in set (0.00 sec)

