                EXPERIMENT NO: 1.7 OPTIMIZING DATABASE:  (GROUP BY, AGGREGATE FUNCTIONS)
                ************************************************************************
               

1.List product name, price except pen on price order.



mysql> SELECT pname,price FROM Product WHERE pname!='PEN' ORDER BY price ASC;
+----------+-------+
| pname    | price |
+----------+-------+
| PENCIL   |    10 |
| SCALE    |    10 |
| MARKER   |    15 |
| NOTEBOOK |    49 |
| BOX      |    51 |
| COLOR    |    71 |
+----------+-------+
6 rows in set (0.00 sec)


-------------------------------------------------------------------------------------------------

2.Find minimum, maximum and average price of products.



mysql> SELECT MIN(price),MAX(price),AVG(price) FROM Product;
+------------+------------+------------+
| MIN(price) | MAX(price) | AVG(price) |
+------------+------------+------------+
|         10 |         71 |    31.5714 |
+------------+------------+------------+
1 row in set (0.00 sec)



---------------------------------------------------------------------------------------------------

3.Find number of customers in each city.


mysql> SELECT COUNT(*),city FROM Customer GROUP BY city;
+----------+-----------+
| COUNT(*) | city      |
+----------+-----------+
|        1 | ARAMBRAM  |
|        1 | CALICUT   |
|        1 | KARADI    |
|        1 | KODUVALLY |
|        2 | KOZHIKODE |
|        1 | PADANILAM |
|        1 | PALAKKAD  |
|        1 | THLAYAD   |
+----------+-----------+
8 rows in set (0.00 sec)


----------------------------------------------------------------------------------------------------

4.Find number of customers in each city, only include city with more than 1 customers.


mysql>  SELECT COUNT(*),city FROM Customer GROUP BY city HAVING COUNT(*)>1;
+----------+-----------+
| COUNT(*) | city      |
+----------+-----------+
|        2 | KOZHIKODE |
+----------+-----------+
1 row in set (0.00 sec)

--------------------------------------------------------------------------------------------------

5.Show data as displayed ‘who, where’ Eg: ‘customer1 lives in Kochi’.


mysql> SELECT CONCAT(name, " LIVES IN ", city) AS CUST_INFO FROM Customer;
+-------------------------+
| CUST_INFO               |
+-------------------------+
| ALI LIVES IN KOZHIKODE  |
| AMI LIVES IN ARAMBRAM   |
| SREE LIVES IN CALICUT   |
| MANU LIVES IN PADANILAM |
| DIYA LIVES IN KODUVALLY |
| SATHYA LIVES IN THLAYAD |
| RIYA LIVES IN KARADI    |
| DEV LIVES IN PALAKKAD   |
| RAMU LIVES IN KOZHIKODE |
+-------------------------+
9 rows in set (0.00 sec)


----------------------------------------------------------------------------------------

