                       EXPERIMENT NO: 1.9	OPTIMIZING DATABASE: (Using Set, arithmetic, logical and special operators)
                       *********************************************************************************************




mysql> select * from Customer;
+-----+--------+-----------+-----------+------------+
| id  | name   | address   | city      | ph_no      |
+-----+--------+-----------+-----------+------------+
| 100 | ALI    | THAYATH   | KOZHIKODE | 9544358026 |
| 101 | AMI    | KARAMOOLA | ARAMBRAM  | 8675345623 |
| 102 | SREE   | WESTIL    | CALICUT   | NULL       |
| 103 | MANU   | VELLILATH | PADANILAM | 8976574894 |
| 104 | DIYA   | MEKKAL    | KODUVALLY | 8976574898 |
| 105 | SATHYA | MUTHALAM  | THLAYAD   | 8974574898 |
| 106 | RIYA   | KARIYATH  | KARADI    | 9974574898 |
| 107 | DEV    | RAROTH    | PALAKKAD  | NULL       |
| 108 | RAMU   | CHALIL    | KOZHIKODE | 9876567845 |
+-----+--------+-----------+-----------+------------+
9 rows in set (0.00 sec)

mysql> select * from Product;
+-----+----------+-------+
| pid | pname    | price |
+-----+----------+-------+
|  10 | PENCIL   |    10 |
|  11 | PEN      |    15 |
|  12 | BOX      |    51 |
|  13 | SCALE    |    10 |
|  14 | NOTEBOOK |    49 |
|  15 | COLOR    |    71 |
|  16 | MARKER   |    15 |
+-----+----------+-------+
7 rows in set (0.00 sec)


mysql> select * from Invoice_master;
+--------+------+------------+
| inv_id | id   | in_date    |
+--------+------+------------+
|      1 |  100 | 2022-12-03 |
|      2 |  100 | 2022-11-11 |
|      5 |  104 | 2022-11-12 |
|      6 |  106 | 2022-12-23 |
|      7 |  105 | 2023-03-04 |
|      8 |  106 | 2023-03-04 |
|      9 |  105 | 2022-12-24 |
+--------+------+------------+
7 rows in set (0.00 sec)


mysql> select * from Invoice_item;
+--------+------+----------+
| inv_id | pid  | quantity |
+--------+------+----------+
|      6 |   13 |        8 |
|      1 |   10 |        2 |
|      2 |   11 |        6 |
|      7 |   11 |        4 |
|      6 |   12 |        2 |
|      2 |   10 |        2 |
|      6 |   11 |        2 |
+--------+------+----------+
7 rows in set (0.00 sec)
-------------------------------------------------------------------------------------------------------------------------------------------- 
                       EXPERIMENT NO: 1.9	OPTIMIZING DATABASE: (Using Set, arithmetic, logical and special operators)
                       *********************************************************************************************
                       
 1.Display customer_id, city  who lives either in ‘CLT’ or in ‘PKD’
 
 
 mysql> SELECT id,city  FROM Customer WHERE city="CALICUT" OR city="PALAKKAD";
+-----+----------+
| id  | city     |
+-----+----------+
| 102 | CALICUT  |
| 107 | PALAKKAD |
+-----+----------+
2 rows in set (0.00 sec)

------------------------------------------------------------------------------------------------------------------

                      
