                                EXPERIMENT NO: 1.2 DML COMMANDS
                                *******************************

(a) DML COMMANDS-INSERT
   
1)Insert values in EMPLOYEE table. 

mysql> desc EMPLOYEE;
+----------+-------------+------+-----+---------+-------+
| Field    | Type        | Null | Key | Default | Extra |
+----------+-------------+------+-----+---------+-------+
| SSN      | int(11)     | YES  | UNI | NULL    |       |
| name     | varchar(20) | YES  |     | NULL    |       |
| city     | varchar(35) | YES  |     | NULL    |       |
| dob      | year(4)     | YES  |     | NULL    |       |
| adhar_no | int(11)     | YES  | UNI | NULL    |       |
+----------+-------------+------+-----+---------+-------+
5 rows in set (0.00 sec)


mysql> INSERT INTO EMPLOYEE VALUES(1,'SANJU','Kollam',2001,95445),(2,'ABHI','Kochi',2002,67559),(3,'RAM','Calicut',2000,45673),(4,'MANU','Kannur',2001,56432),(5,'TOM','Palakkad',2002,65432);
Query OK, 4 rows affected (0.04 sec)
Records: 4  Duplicates: 0  Warnings: 0

mysql> SELECT * FROM EMPLOYEE;
+------+-------+----------+------+----------+
| SSN  | name  | city     | dob  | adhar_no |
+------+-------+----------+------+----------+
|    1 | SANJU | Kollam   | 2001 |    95445 |
|    2 | ABHI  | Kochi    | 2002 |    67559 |
|    3 | RAM   | Calicut  | 2000 |    45673 |
|    4 | MANU  | Kannur   | 2001 |    56432 |
|    5 | TOM   | Palakkad | 2002 |    65432 |
+------+-------+----------+------+----------+
5 rows in set (0.00 sec)

2)Insert values in STUDENT table.

mysql> DESC STUDENT;
+---------+-------------+------+-----+---------+-------+
| Field   | Type        | Null | Key | Default | Extra |
+---------+-------------+------+-----+---------+-------+
| Roll_no | int(11)     | NO   | PRI | NULL    |       |
| Name    | varchar(20) | NO   |     | NULL    |       |
| Age     | int(11)     | YES  |     | NULL    |       |
| address | varchar(35) | YES  |     | NULL    |       |
| Gender  | varchar(25) | YES  |     | m       |       |
+---------+-------------+------+-----+---------+-------+
5 rows in set (0.00 sec)

mysql>  INSERT INTO STUDENT VALUES(12,'JOHN',18,'ELETTIL','M'),(16,'JINA',19,'ULLIYERI','F'),(13,'HARI',19,'THALAYAD','M'),(14,'FEMI',18,'NARIKODE','F'),(15,'TIYA',17,'KALPETTA','F');
Query OK, 5 rows affected (0.03 sec)
Records: 5  Duplicates: 0  Warnings: 0

mysql> SELECT * FROM STUDENT;
+---------+------+------+----------+--------+
| Roll_no | Name | Age  | address  | Gender |
+---------+------+------+----------+--------+
|      12 | JOHN |   18 | ELETTIL  | M      |
|      13 | HARI |   19 | THALAYAD | M      |
|      14 | FEMI |   18 | NARIKODE | F      |
|      15 | TIYA |   17 | KALPETTA | F      |
|      16 | JINA |   19 | ULLIYERI | F      |
+---------+------+------+----------+--------+
6 rows in set (0.00 sec)

3)Insert values in INVOICE database. 

mysql> desc Customer;
+---------+-------------+------+-----+---------+-------+
| Field   | Type        | Null | Key | Default | Extra |
+---------+-------------+------+-----+---------+-------+
| id      | int(11)     | NO   | PRI | NULL    |       |
| name    | varchar(20) | YES  |     | NULL    |       |
| address | varchar(55) | YES  |     | NULL    |       |
| city    | varchar(38) | YES  |     | NULL    |       |
| ph_no   | varchar(10) | YES  |     | NULL    |       |
+---------+-------------+------+-----+---------+-------+
5 rows in set (0.00 sec)


mysql> insert into Customer values(100,'ALI','THAYATH','CALICUT',9544358026);
Query OK, 1 row affected (0.03 sec)

mysql>  insert into Customer (id,name,address,city)  values(101,'HARI','THARAMAL','PALATH');
Query OK, 1 row affected (0.04 sec)

mysql>  insert into Customer values(102,'KIRAN','PARAYIL','MADAVOOR',9876574894);
Query OK, 1 row affected (0.04 sec)

mysql>  insert into Customer values(103,'MANU','VELLILATH','PADANILAM',8976574894);
Query OK, 1 row affected (0.04 sec)

mysql>  insert into Customer values(104,'DIYA','MEKKAL','KODUVALLY',8976574898);
Query OK, 1 row affected (0.04 sec)

mysql>  insert into Customer values(105,'SATHYA','MUTHALAM','THLAYAD',8974574898);
Query OK, 1 row affected (0.04 sec)

mysql>  insert into Customer values(106,'RIYA','KARIYATH','KARADI',9974574898);
Query OK, 1 row affected (0.06 sec)

mysql> select * from Customer;
+-----+--------+-----------+-----------+------------+
| id  | name   | address   | city      | ph_no      |
+-----+--------+-----------+-----------+------------+
| 100 | ALI    | THAYATH   | CALICUT   | 9544358026 |
| 101 | HARI   | THARAMAL  | PALATH    | NULL       |
| 102 | KIRAN  | PARAYIL   | MADAVOOR  | 9876574894 |
| 103 | MANU   | VELLILATH | PADANILAM | 8976574894 |
| 104 | DIYA   | MEKKAL    | KODUVALLY | 8976574898 |
| 105 | SATHYA | MUTHALAM  | THLAYAD   | 8974574898 |
| 106 | RIYA   | KARIYATH  | KARADI    | 9974574898 |
+-----+--------+-----------+-----------+------------+
7 rows in set (0.00 sec)



mysql> desc Product;
+-------+-------------+------+-----+---------+-------+
| Field | Type        | Null | Key | Default | Extra |
+-------+-------------+------+-----+---------+-------+
| pid   | int(11)     | NO   | PRI | NULL    |       |
| pname | varchar(20) | YES  |     | NULL    |       |
| price | int(11)     | YES  |     | NULL    |       |
+-------+-------------+------+-----+---------+-------+
3 rows in set (0.00 sec)

mysql> insert into  Product values(10,'PENCIL',10),(11,'PEN',15),(12,'BOX',50),(13,'SCALE',10),(14,'NOTEBOOK',48),(15,'COLOR',40),(16,'MARKER',15);
Query OK, 7 rows affected (0.04 sec)
Records: 7  Duplicates: 0  Warnings: 0

mysql> select * from Product;
+-----+----------+-------+
| pid | pname    | price |
+-----+----------+-------+
|  10 | PENCIL   |    10 |
|  11 | PEN      |    15 |
|  12 | BOX      |    50 |
|  13 | SCALE    |    10 |
|  14 | NOTEBOOK |    48 |
|  15 | COLOR    |    40 |
|  16 | MARKER   |    15 |
+-----+----------+-------+
7 rows in set (0.00 sec)


mysql> desc Invoice_master;
+---------+---------+------+-----+---------+-------+
| Field   | Type    | Null | Key | Default | Extra |
+---------+---------+------+-----+---------+-------+
| inv_id  | int(11) | NO   | PRI | NULL    |       |
| id      | int(11) | YES  | MUL | NULL    |       |
| in_date | date    | YES  |     | NULL    |       |
+---------+---------+------+-----+---------+-------+
3 rows in set (0.00 sec)


mysql> insert into Invoice_master values(7,105,'2023-03-04'),(6,106,'2022-12-23'),(5,104,'2022-11-12');
Query OK, 3 rows affected (0.04 sec)
Records: 3  Duplicates: 0  Warnings: 0

mysql> insert into Invoice_master values(7,105,'2023-03-04'),(6,106,'2022-12-23'),(5,104,'2022-11-12');
Query OK, 3 rows affected (0.04 sec)
Records: 3  Duplicates: 0  Warnings: 0


mysql> insert into Invoice_master values(8,106,'2023-03-04'),(9,105,'2022-12-24');
Query OK, 2 rows affected (0.04 sec)
Records: 2  Duplicates: 0  Warnings: 0

mysql> select * from Invoice_master;
+--------+------+------------+
| inv_id | id   | in_date    |
+--------+------+------------+
|      1 |  100 | 2022-12-03 |
|      2 |  100 | 2022-11-11 |
|      3 |  102 | 2022-11-12 |
|      4 |  103 | 2023-02-11 |
|      5 |  104 | 2022-11-12 |
|      6 |  106 | 2022-12-23 |
|      7 |  105 | 2023-03-04 |
|      8 |  106 | 2023-03-04 |
|      9 |  105 | 2022-12-24 |
+--------+------+------------+
9 rows in set (0.00 sec)


mysql> desc Invoice_item;
+----------+---------+------+-----+---------+-------+
| Field    | Type    | Null | Key | Default | Extra |
+----------+---------+------+-----+---------+-------+
| inv_id   | int(11) | YES  | MUL | NULL    |       |
| pid      | int(11) | YES  | MUL | NULL    |       |
| quantity | int(11) | YES  |     | NULL    |       |
+----------+---------+------+-----+---------+-------+
3 rows in set (0.00 sec)

mysql> insert into Invoice_item values(1,10,2);
Query OK, 1 row affected (0.03 sec)

mysql> insert into Invoice_item values(2,11,6),(4,15,5);
Query OK, 2 rows affected (0.03 sec)
Records: 2  Duplicates: 0  Warnings: 0

mysql> insert into Invoice_item values(6,13,8),(7,11,4);
Query OK, 2 rows affected (0.02 sec)
Records: 2  Duplicates: 0  Warnings: 0

mysql> insert into Invoice_item values(6,12,2);
Query OK, 1 row affected (0.04 sec)

mysql> insert into Invoice_item values(3,10,2);
Query OK, 1 row affected (0.04 sec)

mysql> select * from  Invoice_item;
+--------+------+----------+
| inv_id | pid  | quantity |
+--------+------+----------+
|      1 |   10 |        2 |
|      2 |   11 |        6 |
|      4 |   15 |        5 |
|      6 |   13 |        8 |
|      7 |   11 |        4 |
|      6 |   12 |        2 |
|      3 |   10 |        2 |
+--------+------+----------+
7 rows in set (0.00 sec)


-----------------------------------------------------------------------------------------------------------
 b)DML COMMANDS- UPDATE
 
1)Update the price of a particular product. 


mysql> select * from Product;
+-----+----------+-------+
| pid | pname    | price |
+-----+----------+-------+
|  10 | PENCIL   |    10 |
|  11 | PEN      |    15 |
|  12 | BOX      |    50 |
|  13 | SCALE    |    10 |
|  14 | NOTEBOOK |    48 |
|  15 | COLOR    |    40 |
|  16 | MARKER   |    15 |
+-----+----------+-------+
7 rows in set (0.00 sec)

mysql> UPDATE Product set price=70 where pid=15;
Query OK, 1 row affected (0.07 sec)
Rows matched: 1  Changed: 1  Warnings: 0

mysql> select * from Product;
+-----+----------+-------+
| pid | pname    | price |
+-----+----------+-------+
|  10 | PENCIL   |    10 |
|  11 | PEN      |    15 |
|  12 | BOX      |    50 |
|  13 | SCALE    |    10 |
|  14 | NOTEBOOK |    48 |
|  15 | COLOR    |    70 |
|  16 | MARKER   |    15 |
+-----+----------+-------+
7 rows in set (0.00 sec)


2)Change the name of city ‘CALICUT’ to ‘KOZHIKODE’ in the customer table.

mysql> select * from Customer;
+-----+--------+-----------+-----------+------------+
| id  | name   | address   | city      | ph_no      |
+-----+--------+-----------+-----------+------------+
| 100 | ALI    | THAYATH   | CALICUT   | 9544358026 |
| 101 | HARI   | THARAMAL  | PALATH    | NULL       |
| 102 | KIRAN  | PARAYIL   | MADAVOOR  | 9876574894 |
| 103 | MANU   | VELLILATH | PADANILAM | 8976574894 |
| 104 | DIYA   | MEKKAL    | KODUVALLY | 8976574898 |
| 105 | SATHYA | MUTHALAM  | THLAYAD   | 8974574898 |
| 106 | RIYA   | KARIYATH  | KARADI    | 9974574898 |
+-----+--------+-----------+-----------+------------+
7 rows in set (0.00 sec)

mysql> UPDATE Customer set city="KOZHIKODE" WHERE city="CALICUT";
Query OK, 1 row affected (0.04 sec)
Rows matched: 1  Changed: 1  Warnings: 0

mysql> select * from Customer;
+-----+--------+-----------+-----------+------------+
| id  | name   | address   | city      | ph_no      |
+-----+--------+-----------+-----------+------------+
| 100 | ALI    | THAYATH   | KOZHIKODE | 9544358026 |
| 101 | HARI   | THARAMAL  | PALATH    | NULL       |
| 102 | KIRAN  | PARAYIL   | MADAVOOR  | 9876574894 |
| 103 | MANU   | VELLILATH | PADANILAM | 8976574894 |
| 104 | DIYA   | MEKKAL    | KODUVALLY | 8976574898 |
| 105 | SATHYA | MUTHALAM  | THLAYAD   | 8974574898 |
| 106 | RIYA   | KARIYATH  | KARADI    | 9974574898 |
+-----+--------+-----------+-----------+------------+
7 rows in set (0.00 sec)

3)Update all prices with 2% of its original price

mysql> select * from Product;
+-----+----------+-------+
| pid | pname    | price |
+-----+----------+-------+
|  10 | PENCIL   |    10 |
|  11 | PEN      |    15 |
|  12 | BOX      |    50 |
|  13 | SCALE    |    10 |
|  14 | NOTEBOOK |    48 |
|  15 | COLOR    |    70 |
|  16 | MARKER   |    15 |
+-----+----------+-------+
7 rows in set (0.00 sec)

mysql> UPDATE Product set price=price+(price*2/100);
Query OK, 3 rows affected (0.04 sec)
Rows matched: 7  Changed: 3  Warnings: 0

mysql> select * from Product;
+-----+----------+-------+
| pid | pname    | price |
+-----+----------+-------+
|  10 | PENCIL   |    10 |
|  11 | PEN      |    15 |
|  12 | BOX      |    51 |
|  13 | SCALE    |    10 |
|  14 | NOTEBOOK |    49 |
|  15 | COLOR    |    71 |
|  16 | MARKER   |    15 |
+-----+----------+-------+
7 rows in set (0.00 sec)


4)Change the address, city, phone number of a particular customer. 

mysql> select * from Customer;
+-----+--------+-----------+-----------+------------+
| id  | name   | address   | city      | ph_no      |
+-----+--------+-----------+-----------+------------+
| 100 | ALI    | THAYATH   | KOZHIKODE | 9544358026 |
| 101 | HARI   | THARAMAL  | PALATH    | NULL       |
| 102 | KIRAN  | PARAYIL   | MADAVOOR  | 9876574894 |
| 103 | MANU   | VELLILATH | PADANILAM | 8976574894 |
| 104 | DIYA   | MEKKAL    | KODUVALLY | 8976574898 |
| 105 | SATHYA | MUTHALAM  | THLAYAD   | 8974574898 |
| 106 | RIYA   | KARIYATH  | KARADI    | 9974574898 |
+-----+--------+-----------+-----------+------------+
7 rows in set (0.01 sec)

mysql> update Customer set address="KADAVU",ph_no=7658439024,city="WAYANAD" where id=102;
Query OK, 1 row affected (0.02 sec)
Rows matched: 1  Changed: 1  Warnings: 0

mysql> select * from Customer;
+-----+--------+-----------+-----------+------------+
| id  | name   | address   | city      | ph_no      |
+-----+--------+-----------+-----------+------------+
| 100 | ALI    | THAYATH   | KOZHIKODE | 9544358026 |
| 101 | HARI   | THARAMAL  | PALATH    | NULL       |
| 102 | KIRAN  | KADAVU    | WAYANAD   | 7658439024 |
| 103 | MANU   | VELLILATH | PADANILAM | 8976574894 |
| 104 | DIYA   | MEKKAL    | KODUVALLY | 8976574898 |
| 105 | SATHYA | MUTHALAM  | THLAYAD   | 8974574898 |
| 106 | RIYA   | KARIYATH  | KARADI    | 9974574898 |
+-----+--------+-----------+-----------+------------+
7 rows in set (0.00 sec)

5)Change the quantity of a purchased product of inv_id ‘1’

mysql> SELECT * FROM Invoice_item;
+--------+------+----------+
| inv_id | pid  | quantity |
+--------+------+----------+
|      1 |   10 |        2 |
|      2 |   11 |        6 |
|      4 |   15 |        5 |
|      6 |   13 |        8 |
|      7 |   11 |        4 |
|      6 |   12 |        2 |
|      3 |   10 |        2 |
+--------+------+----------+
7 rows in set (0.00 sec)

mysql> UPDATE Invoice_item SET  quantity=4  WHERE inv_id=1;
Query OK, 1 row affected (0.04 sec)
Rows matched: 1  Changed: 1  Warnings: 0

mysql> SELECT * FROM Invoice_item;
+--------+------+----------+
| inv_id | pid  | quantity |
+--------+------+----------+
|      1 |   10 |        4 |
|      2 |   11 |        6 |
|      4 |   15 |        5 |
|      6 |   13 |        8 |
|      7 |   11 |        4 |
|      6 |   12 |        2 |
|      3 |   10 |        2 |
+--------+------+----------+
7 rows in set (0.00 sec)

----------------------------------------------------------------------------------
c) DML COMMAND- DELETE
  
1)Delete the record of customer id ‘102’.
   
mysql> select * from Customer;
+-----+--------+-----------+-----------+------------+
| id  | name   | address   | city      | ph_no      |
+-----+--------+-----------+-----------+------------+
| 100 | ALI    | THAYATH   | KOZHIKODE | 9544358026 |
| 101 | HARI   | THARAMAL  | PALATH    | NULL       |
| 102 | KIRAN  | KADAVU    | WAYANAD   | 7658439024 |
| 103 | MANU   | VELLILATH | PADANILAM | 8976574894 |
| 104 | DIYA   | MEKKAL    | KODUVALLY | 8976574898 |
| 105 | SATHYA | MUTHALAM  | THLAYAD   | 8974574898 |
| 106 | RIYA   | KARIYATH  | KARADI    | 9974574898 |
+-----+--------+-----------+-----------+------------+
7 rows in set (0.00 sec)

mysql>  DELETE FROM Customer WHERE id=102;
Query OK, 1 row affected (0.03 sec)

mysql> select * from Customer;
+-----+--------+-----------+-----------+------------+
| id  | name   | address   | city      | ph_no      |
+-----+--------+-----------+-----------+------------+
| 100 | ALI    | THAYATH   | KOZHIKODE | 9544358026 |
| 101 | HARI   | THARAMAL  | PALATH    | NULL       |
| 103 | MANU   | VELLILATH | PADANILAM | 8976574894 |
| 104 | DIYA   | MEKKAL    | KODUVALLY | 8976574898 |
| 105 | SATHYA | MUTHALAM  | THLAYAD   | 8974574898 |
| 106 | RIYA   | KARIYATH  | KARADI    | 9974574898 |
+-----+--------+-----------+-----------+------------+
6 rows in set (0.00 sec)


2)Delete all purchase details of items its quantity less than 5.

mysql> select * from Invoice_item;
+--------+------+----------+
| inv_id | pid  | quantity |
+--------+------+----------+
|      1 |   10 |        4 |
|      2 |   11 |        6 |
|      4 |   15 |        5 |
|      6 |   13 |        8 |
|      7 |   11 |        4 |
|      6 |   12 |        2 |
+--------+------+----------+
6 rows in set (0.00 sec)

mysql>  DELETE FROM Invoice_item  WHERE quantity<5;
Query OK, 3 rows affected (0.04 sec)

mysql> select * from Invoice_item;
+--------+------+----------+
| inv_id | pid  | quantity |
+--------+------+----------+
|      2 |   11 |        6 |
|      4 |   15 |        5 |
|      6 |   13 |        8 |
+--------+------+----------+
3 rows in set (0.00 sec)


3.Delete the purchase details of product 'pen' in the inv_id=2.

mysql> select * from Invoice_item;
+--------+------+----------+
| inv_id | pid  | quantity |
+--------+------+----------+
|      2 |   11 |        6 |
|      4 |   15 |        5 |
|      6 |   13 |        8 |
+--------+------+----------+
3 rows in set (0.00 sec)

mysql> DELETE FROM Invoice_item  WHERE inv_id=2  AND pid=11;
Query OK, 1 row affected (0.03 sec)

mysql> select * from Invoice_item;
+--------+------+----------+
| inv_id | pid  | quantity |
+--------+------+----------+
|      4 |   15 |        5 |
|      6 |   13 |        8 |
+--------+------+----------+
2 rows in set (0.00 sec)

 4. Delete details of employees who does not have phone number. 
 
 mysql> select * from Customer;
+-----+--------+-----------+-----------+------------+
| id  | name   | address   | city      | ph_no      |
+-----+--------+-----------+-----------+------------+
| 100 | ALI    | THAYATH   | KOZHIKODE | 9544358026 |
| 101 | HARI   | THARAMAL  | PALATH    | NULL       |
| 103 | MANU   | VELLILATH | PADANILAM | 8976574894 |
| 104 | DIYA   | MEKKAL    | KODUVALLY | 8976574898 |
| 105 | SATHYA | MUTHALAM  | THLAYAD   | 8974574898 |
| 106 | RIYA   | KARIYATH  | KARADI    | 9974574898 |
+-----+--------+-----------+-----------+------------+
6 rows in set (0.00 sec)

mysql>  DELETE FROM Customer WHERE ph_no IS NULL;
Query OK, 1 row affected (0.04 sec)

mysql> select * from Customer;
+-----+--------+-----------+-----------+------------+
| id  | name   | address   | city      | ph_no      |
+-----+--------+-----------+-----------+------------+
| 100 | ALI    | THAYATH   | KOZHIKODE | 9544358026 |
| 103 | MANU   | VELLILATH | PADANILAM | 8976574894 |
| 104 | DIYA   | MEKKAL    | KODUVALLY | 8976574898 |
| 105 | SATHYA | MUTHALAM  | THLAYAD   | 8974574898 |
| 106 | RIYA   | KARIYATH  | KARADI    | 9974574898 |
+-----+--------+-----------+-----------+------------+
5 rows in set (0.00 sec)

5)Delete all records from STUDENT table. 

mysql> select*from STUDENT;
+---------+------+------+----------+--------+
| Roll_no | Name | Age  | address  | Gender |
+---------+------+------+----------+--------+
|      12 | JOHN |   18 | ELETTIL  | M      |
|      13 | HARI |   19 | THALAYAD | M      |
|      14 | FEMI |   18 | NARIKODE | F      |
|      15 | TIYA |   17 | KALPETTA | F      |
|      16 | JINA |   19 | ULLIYERI | F      |
+---------+------+------+----------+--------+
5 rows in set (0.00 sec)

mysql> DELETE FROM STUDENT;
Query OK, 5 rows affected (0.03 sec)

mysql> select*from STUDENT;
Empty set (0.00 sec)

6)Delete Invoice details of a particular customer.

mysql> select * from Invoice_master;
+--------+------+------------+
| inv_id | id   | in_date    |
+--------+------+------------+
|      1 |  100 | 2022-12-03 |
|      2 |  100 | 2022-11-11 |
|      4 |  103 | 2023-02-11 |
|      5 |  104 | 2022-11-12 |
|      6 |  106 | 2022-12-23 |
|      7 |  105 | 2023-03-04 |
|      8 |  106 | 2023-03-04 |
|      9 |  105 | 2022-12-24 |
+--------+------+------------+
8 rows in set (0.00 sec)

mysql> DELETE FROM Invoice_master  WHERE id=103;
Query OK, 1 row affected (0.05 sec)

mysql> select * from Invoice_master;
+--------+------+------------+
| inv_id | id   | in_date    |
+--------+------+------------+
|      1 |  100 | 2022-12-03 |
|      2 |  100 | 2022-11-11 |
|      5 |  104 | 2022-11-12 |
|      6 |  106 | 2022-12-23 |
|      7 |  105 | 2023-03-04 |
|      8 |  106 | 2023-03-04 |
|      9 |  105 | 2022-12-24 |
+--------+------+------------+
7 rows in set (0.00 sec)


