                         EXP-1.4 ACCESSING DATABASE:(SELECT, Filtering using WHERE, HAVING,  ORDER BY Clauses)
                         *************************************************************************************
                         

1.List all customer details. 

mysql> SELECT * FROM Customer;
+-----+--------+-----------+-----------+------------+
| id  | name   | address   | city      | ph_no      |
+-----+--------+-----------+-----------+------------+
| 100 | ALI    | THAYATH   | KOZHIKODE | 9544358026 |
| 101 | AMI    | KARAMOOLA | ARAMBRAM  | 8675345623 |
| 103 | MANU   | VELLILATH | PADANILAM | 8976574894 |
| 104 | DIYA   | MEKKAL    | KODUVALLY | 8976574898 |
| 105 | SATHYA | MUTHALAM  | THLAYAD   | 8974574898 |
| 106 | RIYA   | KARIYATH  | KARADI    | 9974574898 |
+-----+--------+-----------+-----------+------------+
6 rows in set (0.00 sec)

-------------------------------------------------------------------------------------
2.List pname, price of all products

mysql> SELECT pname,price FROM Product;
+----------+-------+
| pname    | price |
+----------+-------+
| PENCIL   |    10 |
| PEN      |    15 |
| BOX      |    51 |
| SCALE    |    10 |
| NOTEBOOK |    49 |
| COLOR    |    71 |
| MARKER   |    15 |
+----------+-------+
7 rows in set (0.00 sec)

---------------------------------------------------------------------------------
3.List all invoice items, avoid duplicates.

mysql> SELECT DISTINCT inv_id from Invoice_item;
+--------+
| inv_id |
+--------+
|      6 |
+--------+
1 row in set (0.02 sec)

----------------------------------------------------------------------------
4.List product price between 50rs and 150rs

mysql>  SELECT * FROM Product WHERE price  BETWEEN 50 AND 150;
+-----+-------+-------+
| pid | pname | price |
+-----+-------+-------+
|  12 | BOX   |    51 |
|  15 | COLOR |    71 |
+-----+-------+-------+
2 rows in set (0.00 sec)



