                    EXPERIMENT-1.3 TCL & DCL Commands
                   ************************************
                   
a)TCL COMMANDS
---------------
1.Commit

mysql> SET AUTOCOMMIT=OFF;
Query OK, 0 rows affected (0.00 sec)

mysql> SELECT * FROM EMPLOYEE;
+------+-------+----------+------+----------+
| SSN  | name  | city     | dob  | adhar_no |
+------+-------+----------+------+----------+
|    1 | SANJU | Kollam   | 2001 |    95445 |
|    2 | ABHI  | Kochi    | 2002 |    67559 |
|    3 | RAM   | Calicut  | 2000 |    45673 |
|    4 | MANU  | Kannur   | 2001 |    56432 |
|    5 | TOM   | Palakkad | 2002 |    65432 |
+------+-------+----------+------+----------+
5 rows in set (0.00 sec)

mysql> INSERT INTO EMPLOYEE values(6,"DIYA","WAYANAD",2000,98765);
Query OK, 1 row affected (0.02 sec)

mysql> COMMIT;
Query OK, 0 rows affected (0.14 sec)

mysql> SELECT * FROM EMPLOYEE;
+------+-------+----------+------+----------+
| SSN  | name  | city     | dob  | adhar_no |
+------+-------+----------+------+----------+
|    1 | SANJU | Kollam   | 2001 |    95445 |
|    2 | ABHI  | Kochi    | 2002 |    67559 |
|    3 | RAM   | Calicut  | 2000 |    45673 |
|    4 | MANU  | Kannur   | 2001 |    56432 |
|    5 | TOM   | Palakkad | 2002 |    65432 |
|    6 | DIYA  | WAYANAD  | 2000 |    98765 |
+------+-------+----------+------+----------+
6 rows in set (0.00 sec)
------------------------------------------------------------------------------------------
2.rollback

mysql> INSERT INTO EMPLOYEE values(7,"REVI","THRISSUR",2001,99765);
Query OK, 1 row affected (0.00 sec)

mysql> SELECT * FROM EMPLOYEE;
+------+-------+----------+------+----------+
| SSN  | name  | city     | dob  | adhar_no |
+------+-------+----------+------+----------+
|    1 | SANJU | Kollam   | 2001 |    95445 |
|    2 | ABHI  | Kochi    | 2002 |    67559 |
|    3 | RAM   | Calicut  | 2000 |    45673 |
|    4 | MANU  | Kannur   | 2001 |    56432 |
|    5 | TOM   | Palakkad | 2002 |    65432 |
|    6 | DIYA  | WAYANAD  | 2000 |    98765 |
|    7 | REVI  | THRISSUR | 2001 |    99765 |
+------+-------+----------+------+----------+
7 rows in set (0.00 sec)

mysql> ROLLBACK;
Query OK, 0 rows affected (0.05 sec)

mysql> SELECT * FROM EMPLOYEE;
+------+-------+----------+------+----------+
| SSN  | name  | city     | dob  | adhar_no |
+------+-------+----------+------+----------+
|    1 | SANJU | Kollam   | 2001 |    95445 |
|    2 | ABHI  | Kochi    | 2002 |    67559 |
|    3 | RAM   | Calicut  | 2000 |    45673 |
|    4 | MANU  | Kannur   | 2001 |    56432 |
|    5 | TOM   | Palakkad | 2002 |    65432 |
|    6 | DIYA  | WAYANAD  | 2000 |    98765 |
+------+-------+----------+------+----------+
6 rows in set (0.00 sec)

----------------------------------------------------------------------------------
3.savepoint

mysql> INSERT INTO EMPLOYEE values(7,"RIYA","kollam",2001,923423);
Query OK, 1 row affected (0.00 sec)

mysql> SAVEPOINT A;
Query OK, 0 rows affected (0.00 sec)

mysql> COMMIT;
Query OK, 0 rows affected (0.02 sec)

mysql> INSERT INTO EMPLOYEE values(8,"THANU","malappuram",2002,923456);
Query OK, 1 row affected (0.00 sec)

mysql> SAVEPOINT B;
Query OK, 0 rows affected (0.00 sec)

mysql> INSERT INTO EMPLOYEE values(9,"HARI","kochi",2002,97643);
Query OK, 1 row affected (0.00 sec)

mysql> SAVEPOINT C;
Query OK, 0 rows affected (0.00 sec)

mysql> select * from EMPLOYEE;
+------+-------+------------+------+----------+
| SSN  | name  | city       | dob  | adhar_no |
+------+-------+------------+------+----------+
|    1 | SANJU | Kollam     | 2001 |    95445 |
|    2 | ABHI  | Kochi      | 2002 |    67559 |
|    3 | RAM   | Calicut    | 2000 |    45673 |
|    4 | MANU  | Kannur     | 2001 |    56432 |
|    5 | TOM   | Palakkad   | 2002 |    65432 |
|    6 | DIYA  | WAYANAD    | 2000 |    98765 |
|    7 | RIYA  | kollam     | 2001 |   923423 |
|    8 | THANU | malappuram | 2002 |   923456 |
|    9 | HARI  | kochi      | 2002 |    97643 |
+------+-------+------------+------+----------+
9 rows in set (0.00 sec)

mysql> ROLLBACK TO B;
Query OK, 0 rows affected (0.00 sec)

mysql> select * from EMPLOYEE;
+------+-------+------------+------+----------+
| SSN  | name  | city       | dob  | adhar_no |
+------+-------+------------+------+----------+
|    1 | SANJU | Kollam     | 2001 |    95445 |
|    2 | ABHI  | Kochi      | 2002 |    67559 |
|    3 | RAM   | Calicut    | 2000 |    45673 |
|    4 | MANU  | Kannur     | 2001 |    56432 |
|    5 | TOM   | Palakkad   | 2002 |    65432 |
|    6 | DIYA  | WAYANAD    | 2000 |    98765 |
|    7 | RIYA  | kollam     | 2001 |   923423 |
|    8 | THANU | malappuram | 2002 |   923456 |
+------+-------+------------+------+----------+
8 rows in set (0.00 sec)

---------------------------------------------------------------
                                       ***DCL COMMAND***
                                       

Create two users user1, user2

1.GRANT
  ->Give insert and select privilege to user 1 on customer table in the invoice database.
  ->Give update and delete privilege to user 2 on all tables in the invoice database.
  

mysql> CREATE USER 'USER1'@'localhost' IDENTIFIED BY 'pas1';
Query OK, 0 rows affected (0.00 sec)

mysql> CREATE USER 'USER2'@'localhost' IDENTIFIED BY 'pas2';
Query OK, 0 rows affected (0.00 sec)
