                  EXP-1.6 ACCESSING DATABASES: (VIEWS)
                  *****************************************
                  
                  
1. Create a view for customers who have purchased products. 


mysql> CREATE VIEW CP  AS SELECT * FROM Customer WHERE id IN(SELECT id FROM Invoice_master);
Query OK, 0 rows affected (0.03 sec)

mysql> SELECT * FROM CP;
+-----+--------+----------+-----------+------------+
| id  | name   | address  | city      | ph_no      |
+-----+--------+----------+-----------+------------+
| 100 | ALI    | THAYATH  | KOZHIKODE | 9544358026 |
| 104 | DIYA   | MEKKAL   | KODUVALLY | 8976574898 |
| 105 | SATHYA | MUTHALAM | THLAYAD   | 8974574898 |
| 106 | RIYA   | KARIYATH | KARADI    | 9974574898 |
+-----+--------+----------+-----------+------------+
4 rows in set (0.00 sec)

---------------------------------------------------------------------------------------------

2. Create a view for invoice products[cust_name, , inv_id, product_id, quantity]

mysql> CREATE VIEW INVOICE_PRODUCT AS SELECT Customer.name,Invoice_master.inv_id,Product.pid,Invoice_item.quantity FROM Customer INNER JOIN Invoice_master ON Customer.id=Invoice_master.id INNER JOIN Invoice_item ON Invoice_master.inv_id=Invoice_item.inv_id INNER JOIN Product ON Product.pid=Invoice_item.pid;
Query OK, 0 rows affected (0.02 sec)

mysql> SELECT * FROM INVOICE_PRODUCT;
+--------+--------+-----+----------+
| name   | inv_id | pid | quantity |
+--------+--------+-----+----------+
| RIYA   |      6 |  13 |        8 |
| ALI    |      1 |  10 |        2 |
| ALI    |      2 |  11 |        6 |
| SATHYA |      7 |  11 |        4 |
| RIYA   |      6 |  12 |        2 |
| ALI    |      2 |  10 |        2 |
| RIYA   |      6 |  11 |        2 |
+--------+--------+-----+----------+
7 rows in set (0.00 sec)

--------------------------------------------------------------------------------------------
