                                EXPERIMENT NO: 1.2 DML COMMANDS
                                *******************************

(a) DML COMMANDS-INSERT
   
1)Insert values in EMPLOYEE table.                           
                               
mysql> INSERT INTO EMPLOYEE VALUES(1,'SANJU','Kollam',2001,95445),(2,'ABHI','Kochi',2002,67559),(3,'RAM','Calicut',2000,45673),(4,'MANU','Kannur',2001,56432),(5,'TOM','Palakkad',2002,65432);
Query OK, 4 rows affected (0.04 sec)
Records: 4  Duplicates: 0  Warnings: 0

mysql> SELECT * FROM EMPLOYEE;
+------+-------+----------+------+----------+
| SSN  | name  | city     | dob  | adhar_no |
+------+-------+----------+------+----------+
|    1 | SANJU | Kollam   | 2001 |    95445 |
|    2 | ABHI  | Kochi    | 2002 |    67559 |
|    3 | RAM   | Calicut  | 2000 |    45673 |
|    4 | MANU  | Kannur   | 2001 |    56432 |
|    5 | TOM   | Palakkad | 2002 |    65432 |
+------+-------+----------+------+----------+
5 rows in set (0.00 sec)

2.Insert values in STUDENT table.

mysql>  INSERT INTO STUDENT VALUES(12,'JOHN',18,'ELETTIL','M'),(16,'JINA',19,'ULLIYERI','F'),(13,'HARI',19,'THALAYAD','M'),(14,'FEMI',18,'NARIKODE','F'),(15,'TIYA',17,'KALPETTA','F');
Query OK, 5 rows affected (0.03 sec)
Records: 5  Duplicates: 0  Warnings: 0

mysql> SELECT * FROM STUDENT;
+---------+------+------+----------+--------+
| Roll_no | Name | Age  | address  | Gender |
+---------+------+------+----------+--------+
|      12 | JOHN |   18 | ELETTIL  | M      |
|      13 | HARI |   19 | THALAYAD | M      |
|      14 | FEMI |   18 | NARIKODE | F      |
|      15 | TIYA |   17 | KALPETTA | F      |
|      16 | JINA |   19 | ULLIYERI | F      |
+---------+------+------+----------+--------+
6 rows in set (0.00 sec)

3.Insert values in INVOICE database. 

mysql> desc Customer;
+---------+-------------+------+-----+---------+-------+
| Field   | Type        | Null | Key | Default | Extra |
+---------+-------------+------+-----+---------+-------+
| id      | int(11)     | NO   | PRI | NULL    |       |
| name    | varchar(20) | YES  |     | NULL    |       |
| address | varchar(55) | YES  |     | NULL    |       |
| city    | varchar(38) | YES  |     | NULL    |       |
| ph_no   | varchar(10) | YES  |     | NULL    |       |
+---------+-------------+------+-----+---------+-------+
5 rows in set (0.00 sec)


mysql> insert into Customer values(100,'ALI','THAYATH','CALICUT',9544358026);
Query OK, 1 row affected (0.03 sec)

mysql>  insert into Customer (id,name,address,city)  values(101,'HARI','THARAMAL','PALATH');
Query OK, 1 row affected (0.04 sec)

mysql>  insert into Customer values(102,'KIRAN','PARAYIL','MADAVOOR',9876574894);
Query OK, 1 row affected (0.04 sec)

mysql>  insert into Customer values(103,'MANU','VELLILATH','PADANILAM',8976574894);
Query OK, 1 row affected (0.04 sec)

mysql>  insert into Customer values(104,'DIYA','MEKKAL','KODUVALLY',8976574898);
Query OK, 1 row affected (0.04 sec)

mysql>  insert into Customer values(105,'SATHYA','MUTHALAM','THLAYAD',8974574898);
Query OK, 1 row affected (0.04 sec)

mysql>  insert into Customer values(106,'RIYA','KARIYATH','KARADI',9974574898);
Query OK, 1 row affected (0.06 sec)

mysql> select * from Customer;
+-----+--------+-----------+-----------+------------+
| id  | name   | address   | city      | ph_no      |
+-----+--------+-----------+-----------+------------+
| 100 | ALI    | THAYATH   | CALICUT   | 9544358026 |
| 101 | HARI   | THARAMAL  | PALATH    | NULL       |
| 102 | KIRAN  | PARAYIL   | MADAVOOR  | 9876574894 |
| 103 | MANU   | VELLILATH | PADANILAM | 8976574894 |
| 104 | DIYA   | MEKKAL    | KODUVALLY | 8976574898 |
| 105 | SATHYA | MUTHALAM  | THLAYAD   | 8974574898 |
| 106 | RIYA   | KARIYATH  | KARADI    | 9974574898 |
+-----+--------+-----------+-----------+------------+
7 rows in set (0.00 sec)



mysql> desc Product;
+-------+-------------+------+-----+---------+-------+
| Field | Type        | Null | Key | Default | Extra |
+-------+-------------+------+-----+---------+-------+
| pid   | int(11)     | NO   | PRI | NULL    |       |
| pname | varchar(20) | YES  |     | NULL    |       |
| price | int(11)     | YES  |     | NULL    |       |
+-------+-------------+------+-----+---------+-------+
3 rows in set (0.00 sec)

mysql> insert into  Product values(10,'PENCIL',10),(11,'PEN',15),(12,'BOX',50),(13,'SCALE',10),(14,'NOTEBOOK',48),(15,'COLOR',40),(16,'MARKER',15);
Query OK, 7 rows affected (0.04 sec)
Records: 7  Duplicates: 0  Warnings: 0

mysql> select * from Product;
+-----+----------+-------+
| pid | pname    | price |
+-----+----------+-------+
|  10 | PENCIL   |    10 |
|  11 | PEN      |    15 |
|  12 | BOX      |    50 |
|  13 | SCALE    |    10 |
|  14 | NOTEBOOK |    48 |
|  15 | COLOR    |    40 |
|  16 | MARKER   |    15 |
+-----+----------+-------+
7 rows in set (0.00 sec)


mysql> desc Invoice_master;
+---------+---------+------+-----+---------+-------+
| Field   | Type    | Null | Key | Default | Extra |
+---------+---------+------+-----+---------+-------+
| inv_id  | int(11) | NO   | PRI | NULL    |       |
| id      | int(11) | YES  | MUL | NULL    |       |
| in_date | date    | YES  |     | NULL    |       |
+---------+---------+------+-----+---------+-------+
3 rows in set (0.00 sec)


mysql> insert into Invoice_master values(7,105,'2023-03-04'),(6,106,'2022-12-23'),(5,104,'2022-11-12');
Query OK, 3 rows affected (0.04 sec)
Records: 3  Duplicates: 0  Warnings: 0

mysql> insert into Invoice_master values(7,105,'2023-03-04'),(6,106,'2022-12-23'),(5,104,'2022-11-12');
Query OK, 3 rows affected (0.04 sec)
Records: 3  Duplicates: 0  Warnings: 0


mysql> insert into Invoice_master values(8,106,'2023-03-04'),(9,105,'2022-12-24');
Query OK, 2 rows affected (0.04 sec)
Records: 2  Duplicates: 0  Warnings: 0

mysql> select * from Invoice_master;
+--------+------+------------+
| inv_id | id   | in_date    |
+--------+------+------------+
|      1 |  100 | 2022-12-03 |
|      2 |  100 | 2022-11-11 |
|      3 |  102 | 2022-11-12 |
|      4 |  103 | 2023-02-11 |
|      5 |  104 | 2022-11-12 |
|      6 |  106 | 2022-12-23 |
|      7 |  105 | 2023-03-04 |
|      8 |  106 | 2023-03-04 |
|      9 |  105 | 2022-12-24 |
+--------+------+------------+
9 rows in set (0.00 sec)

